Timestamp,Heart_rate,RR intervals
,,
2023/5/1 20:42,81,"[742, 722]"
,,
2023/5/1 20:42,81,[686]
,,
2023/5/1 20:42,82,[747]
,,
2023/5/1 20:42,82,"[757, 757]"
,,
2023/5/1 20:42,82,[756]
,,
2023/5/1 20:42,82,[772]
,,
2023/5/1 20:42,81,"[783, 784]"
,,
2023/5/1 20:42,81,[763]
,,
2023/5/1 20:42,81,[715]
,,
2023/5/1 20:42,82,"[695, 723]"
,,
2023/5/1 20:42,82,[723]
,,
2023/5/1 20:42,83,"[735, 712]"
,,
2023/5/1 20:42,83,[724]
,,
2023/5/1 20:42,83,[756]
,,
2023/5/1 20:42,83,"[783, 795]"
,,
2023/5/1 20:42,82,[797]
,,
2023/5/1 20:42,82,[794]
,,
2023/5/1 20:42,81,"[796, 738]"
,,
2023/5/1 20:42,81,[708]
,,
2023/5/1 20:42,82,"[680, 656]"
,,
2023/5/1 20:42,84,"[636, 608]"
,,
2023/5/1 20:42,86,[602]
,,
2023/5/1 20:42,90,"[604, 633]"
,,
2023/5/1 20:42,92,[656]
,,
2023/5/1 20:42,92,"[698, 723]"
,,
2023/5/1 20:42,91,[742]
,,
2023/5/1 20:42,90,[757]
,,
2023/5/1 20:42,88,"[753, 730]"
,,
2023/5/1 20:42,87,[738]
,,
2023/5/1 20:42,86,"[722, 729]"
,,
2023/5/1 20:42,86,[743]
,,
2023/5/1 20:42,86,[715]
,,
2023/5/1 20:42,86,"[715, 747]"
,,
2023/5/1 20:42,85,[772]
,,
2023/5/1 20:42,85,[746]
,,
2023/5/1 20:42,84,"[726, 748]"
,,
2023/5/1 20:42,84,[764]
,,
2023/5/1 20:42,84,[754]
,,
2023/5/1 20:43,83,"[763, 786]"
,,
2023/5/1 20:43,83,[764]
,,
2023/5/1 20:43,82,"[734, 752]"
,,
2023/5/1 20:43,82,[757]
,,
2023/5/1 20:43,82,[727]
,,
2023/5/1 20:43,83,"[693, 734]"
,,
2023/5/1 20:43,83,[754]
,,
2023/5/1 20:43,83,[766]
,,
2023/5/1 20:43,83,"[771, 777]"
,,
2023/5/1 20:43,82,[764]
,,
2023/5/1 20:43,82,"[765, 714]"
,,
2023/5/1 20:43,82,[708]
,,
2023/5/1 20:43,83,"[709, 702]"
,,
2023/5/1 20:43,83,[705]
,,
2023/5/1 20:43,84,[683]
,,
2023/5/1 20:43,85,"[701, 710]"
,,
2023/5/1 20:43,85,[717]
,,
2023/5/1 20:43,85,"[729, 719]"
,,
2023/5/1 20:43,85,[753]
,,
2023/5/1 20:43,85,[784]
,,
2023/5/1 20:43,84,"[778, 749]"
,,
2023/5/1 20:43,83,[784]
,,
2023/5/1 20:43,83,[779]
,,
2023/5/1 20:43,82,"[755, 719]"
,,
2023/5/1 20:43,82,[711]
,,
2023/5/1 20:43,83,"[718, 736]"
,,
2023/5/1 20:43,83,[698]
,,
2023/5/1 20:43,84,[729]
,,
2023/5/1 20:43,84,"[748, 750]"
,,
2023/5/1 20:43,84,[715]
,,
2023/5/1 20:43,84,[765]
,,
2023/5/1 20:43,83,"[772, 718]"
,,
2023/5/1 20:43,83,[737]
,,
2023/5/1 20:43,83,"[723, 679]"
,,
2023/5/1 20:43,84,[688]
,,
2023/5/1 20:43,85,"[730, 740]"
,,
2023/5/1 20:43,85,[700]
,,
2023/5/1 20:43,85,"[680, 637]"
,,
2023/5/1 20:43,86,[650]
,,
2023/5/1 20:43,88,"[683, 678]"
,,
2023/5/1 20:43,88,[681]
,,
2023/5/1 20:43,89,"[726, 741]"
,,
2023/5/1 20:43,88,[741]
,,
2023/5/1 20:43,87,[761]
,,
2023/5/1 20:43,86,"[772, 753]"
,,
2023/5/1 20:43,85,[723]
,,
2023/5/1 20:43,85,[741]
,,
2023/5/1 20:43,84,"[744, 742]"
,,
2023/5/1 20:43,84,[695]
,,
2023/5/1 20:43,85,"[704, 721]"
,,
2023/5/1 20:43,85,[721]
,,
2023/5/1 20:43,85,[691]
,,
2023/5/1 20:43,85,"[732, 767]"
,,
2023/5/1 20:43,85,[767]
,,
2023/5/1 20:43,84,[776]
,,
2023/5/1 20:43,83,"[793, 805]"
,,
2023/5/1 20:43,82,[765]
,,
2023/5/1 20:43,82,[787]
,,
2023/5/1 20:43,81,"[781, 701]"
,,
2023/5/1 20:43,81,[738]
,,
2023/5/1 20:43,82,"[747, 727]"
,,
2023/5/1 20:43,82,[694]
,,
2023/5/1 20:44,83,[715]
,,
2023/5/1 20:44,83,"[742, 745]"
,,
2023/5/1 20:44,83,[729]
,,
2023/5/1 20:44,83,"[714, 737]"
,,
2023/5/1 20:44,84,[745]
,,
2023/5/1 20:44,83,"[739, 728]"
,,
2023/5/1 20:44,83,[690]
,,
2023/5/1 20:44,84,[725]
,,
2023/5/1 20:44,84,"[729, 722]"
,,
2023/5/1 20:44,84,[730]
,,
2023/5/1 20:44,84,"[716, 688]"
,,
2023/5/1 20:44,85,[704]
,,
2023/5/1 20:44,85,"[723, 721]"
,,
2023/5/1 20:44,85,[709]
,,
2023/5/1 20:44,85,[708]
,,
2023/5/1 20:44,86,"[723, 738]"
,,
2023/5/1 20:44,85,[725]
,,
2023/5/1 20:44,85,"[708, 699]"
,,
2023/5/1 20:44,86,[698]
,,
2023/5/1 20:44,86,"[720, 711]"
,,
2023/5/1 20:44,86,[729]
,,
2023/5/1 20:44,86,[753]
,,
2023/5/1 20:44,85,"[766, 724]"
,,
2023/5/1 20:44,85,[731]
,,
2023/5/1 20:44,85,"[724, 731]"
,,
2023/5/1 20:44,85,[685]
,,
2023/5/1 20:44,85,"[695, 690]"
,,
2023/5/1 20:44,86,[669]
,,
2023/5/1 20:44,87,"[665, 669]"
,,
2023/5/1 20:44,88,[667]
,,
2023/5/1 20:44,89,"[657, 649]"
,,
2023/5/1 20:44,90,[669]
,,
2023/5/1 20:44,90,"[683, 689]"
,,
2023/5/1 20:44,90,[677]
,,
2023/5/1 20:44,90,[733]
,,
2023/5/1 20:44,89,"[773, 809]"
,,
2023/5/1 20:44,87,[761]
,,
2023/5/1 20:44,86,[796]
,,
2023/5/1 20:44,84,"[794, 735]"
,,
2023/5/1 20:44,84,[735]
,,
2023/5/1 20:44,84,"[744, 714]"
,,
2023/5/1 20:44,84,[761]
,,
2023/5/1 20:44,84,[749]
,,
2023/5/1 20:44,83,"[715, 748]"
,,
2023/5/1 20:44,83,[754]
,,
2023/5/1 20:44,83,[736]
,,
2023/5/1 20:44,83,"[730, 755]"
,,
2023/5/1 20:44,83,[755]
,,
2023/5/1 20:44,83,"[723, 736]"
,,
2023/5/1 20:44,83,[733]
,,
2023/5/1 20:44,83,[739]
,,
2023/5/1 20:44,83,"[741, 719]"
,,
2023/5/1 20:44,83,[733]
,,
2023/5/1 20:44,83,"[750, 706]"
,,
2023/5/1 20:44,84,[749]
,,
2023/5/1 20:44,84,[741]
,,
2023/5/1 20:44,83,"[734, 749]"
,,
2023/5/1 20:44,83,[753]
,,
2023/5/1 20:44,83,"[730, 733]"
,,
2023/5/1 20:44,83,[740]
,,
2023/5/1 20:45,83,[710]
,,
2023/5/1 20:45,84,"[712, 725]"
,,
2023/5/1 20:45,84,[701]
,,
2023/5/1 20:45,85,"[687, 709]"
,,
2023/5/1 20:45,85,[713]
,,
2023/5/1 20:45,86,"[683, 697]"
,,
2023/5/1 20:45,86,[642]
,,
2023/5/1 20:45,88,"[630, 645]"
,,
2023/5/1 20:45,89,[715]
,,
2023/5/1 20:45,89,"[698, 700]"
,,
2023/5/1 20:45,89,[749]
,,
2023/5/1 20:45,88,"[719, 692]"
,,
2023/5/1 20:45,88,[731]
,,
2023/5/1 20:45,87,"[689, 725]"
,,
2023/5/1 20:45,87,[711]
,,
2023/5/1 20:45,87,"[686, 686]"
,,
2023/5/1 20:45,87,[678]
,,
2023/5/1 20:45,88,"[665, 676]"
,,
2023/5/1 20:45,89,[661]
,,
2023/5/1 20:45,90,"[661, 647]"
,,
2023/5/1 20:45,90,[643]
,,
2023/5/1 20:45,92,"[622, 655]"
,,
2023/5/1 20:45,93,[720]
,,
2023/5/1 20:45,92,[764]
,,
2023/5/1 20:45,89,"[752, 803]"
,,
2023/5/1 20:45,88,[802]
,,
2023/5/1 20:45,86,[817]
,,
2023/5/1 20:45,85,[831]
,,
2023/5/1 20:45,83,"[820, 778]"
,,
2023/5/1 20:45,82,[784]
,,
2023/5/1 20:45,81,"[772, 750]"
,,
2023/5/1 20:45,81,[742]
,,
2023/5/1 20:45,81,[680]
,,
2023/5/1 20:45,83,"[713, 713]"
,,
2023/5/1 20:45,83,[740]
,,
2023/5/1 20:45,83,[827]
,,
2023/5/1 20:45,83,[839]
,,
2023/5/1 20:45,82,[889]
,,
2023/5/1 20:45,79,"[856, 833]"
,,
2023/5/1 20:45,79,[828]
,,
2023/5/1 20:45,78,"[782, 720]"
,,
2023/5/1 20:45,79,[684]
,,
2023/5/1 20:45,80,"[695, 709]"
,,
2023/5/1 20:45,81,[733]
,,
2023/5/1 20:45,82,"[682, 674]"
,,
2023/5/1 20:45,83,[650]
,,
2023/5/1 20:45,85,"[658, 684]"
,,
2023/5/1 20:45,86,[707]
,,
2023/5/1 20:45,86,[706]
,,
2023/5/1 20:45,87,"[709, 718]"
,,
2023/5/1 20:45,87,[713]
,,
2023/5/1 20:45,86,"[705, 683]"
,,
2023/5/1 20:45,87,"[663, 650]"
,,
2023/5/1 20:45,88,[623]
,,
2023/5/1 20:45,91,"[606, 631]"
,,
2023/5/1 20:45,92,[656]
,,
2023/5/1 20:45,93,"[670, 664]"
,,
2023/5/1 20:45,93,"[655, 635]"
,,
2023/5/1 20:45,93,[631]
,,
2023/5/1 20:46,94,"[624, 616]"
,,
2023/5/1 20:46,96,"[608, 603]"
,,
2023/5/1 20:46,98,"[600, 596]"
,,
2023/5/1 20:46,99,[596]
,,
2023/5/1 20:46,100,"[601, 596]"
,,
2023/5/1 20:46,101,[602]
,,
2023/5/1 20:46,101,"[637, 663]"
,,
2023/5/1 20:46,100,[688]
,,
2023/5/1 20:46,96,"[686, 680]"
,,
2023/5/1 20:46,95,[672]
,,
2023/5/1 20:46,94,"[653, 635]"
,,
2023/5/1 20:46,94,[659]
,,
2023/5/1 20:46,94,"[711, 709]"
,,
2023/5/1 20:46,92,"[680, 634]"
,,
2023/5/1 20:46,92,[613]
,,
2023/5/1 20:46,94,"[605, 627]"
,,
2023/5/1 20:46,95,[679]
,,
2023/5/1 20:46,94,"[697, 645]"
,,
2023/5/1 20:46,94,[748]
,,
2023/5/1 20:46,93,[736]
,,
2023/5/1 20:46,90,"[760, 760]"
,,
2023/5/1 20:46,88,[748]
,,
2023/5/1 20:46,87,"[748, 727]"
,,
2023/5/1 20:46,86,[728]
,,
2023/5/1 20:46,86,"[687, 664]"
,,
2023/5/1 20:46,87,[685]
,,
2023/5/1 20:46,88,"[679, 630]"
,,
2023/5/1 20:46,89,[620]
,,
2023/5/1 20:46,91,"[631, 637]"
,,
2023/5/1 20:46,93,"[658, 660]"
,,
2023/5/1 20:46,93,[635]
,,
2023/5/1 20:46,94,"[590, 627]"
,,
2023/5/1 20:46,95,[675]
,,
2023/5/1 20:46,95,[667]
,,
2023/5/1 20:46,94,"[697, 781]"
,,
2023/5/1 20:46,92,[781]
,,
2023/5/1 20:46,90,[812]
,,
2023/5/1 20:46,86,"[789, 768]"
,,
2023/5/1 20:46,85,[778]
,,
2023/5/1 20:46,84,"[710, 718]"
,,
2023/5/1 20:46,85,[715]
,,
2023/5/1 20:46,85,"[681, 649]"
,,
2023/5/1 20:46,87,"[659, 636]"
,,
2023/5/1 20:46,88,[614]
,,
2023/5/1 20:46,91,"[603, 616]"
,,
2023/5/1 20:46,94,"[625, 603]"
,,
2023/5/1 20:46,95,[593]
,,
2023/5/1 20:46,98,"[589, 608]"
,,
2023/5/1 20:46,99,"[618, 608]"
,,
2023/5/1 20:46,99,[602]
,,
2023/5/1 20:46,100,"[630, 619]"
,,
2023/5/1 20:46,100,"[602, 601]"
,,
2023/5/1 20:46,100,[646]
,,
2023/5/1 20:46,99,"[674, 684]"
,,
2023/5/1 20:46,97,[650]
,,
2023/5/1 20:46,95,"[676, 696]"
,,
2023/5/1 20:46,94,[670]
,,
2023/5/1 20:46,93,"[685, 703]"
,,
2023/5/1 20:46,92,[693]
,,
2023/5/1 20:46,92,"[640, 620]"
,,
2023/5/1 20:47,94,"[611, 604]"
,,
2023/5/1 20:47,95,[603]
,,
2023/5/1 20:47,97,"[628, 665]"
,,
2023/5/1 20:47,97,[703]
,,
2023/5/1 20:47,94,"[701, 721]"
,,
2023/5/1 20:47,93,[685]
,,
2023/5/1 20:47,91,"[697, 674]"
,,
2023/5/1 20:47,91,[690]
,,
2023/5/1 20:47,91,[710]
,,
2023/5/1 20:47,90,"[704, 691]"
,,
2023/5/1 20:47,90,[722]
,,
2023/5/1 20:47,89,"[725, 741]"
,,
2023/5/1 20:47,88,[728]
,,
2023/5/1 20:47,87,[691]
,,
2023/5/1 20:47,87,"[712, 736]"
,,
2023/5/1 20:47,87,[758]
,,
2023/5/1 20:47,86,"[743, 752]"
,,
2023/5/1 20:47,85,[756]
,,
2023/5/1 20:47,85,[716]
,,
2023/5/1 20:47,85,"[699, 708]"
,,
2023/5/1 20:47,85,[730]
,,
2023/5/1 20:47,85,"[711, 744]"
,,
2023/5/1 20:47,85,[740]
,,
2023/5/1 20:47,85,[755]
,,
2023/5/1 20:47,84,"[740, 730]"
,,
2023/5/1 20:47,84,[707]
,,
2023/5/1 20:47,84,"[753, 763]"
,,
2023/5/1 20:47,84,[743]
,,
2023/5/1 20:47,84,[744]
,,
2023/5/1 20:47,83,"[792, 781]"
,,
2023/5/1 20:47,83,[723]
,,
2023/5/1 20:47,83,"[724, 713]"
,,
2023/5/1 20:47,83,[723]
,,
2023/5/1 20:47,83,[723]
,,
2023/5/1 20:47,84,"[720, 740]"
,,
2023/5/1 20:47,84,[723]
,,
2023/5/1 20:47,84,"[711, 717]"
,,
2023/5/1 20:47,84,[745]
,,
2023/5/1 20:47,84,[722]
,,
2023/5/1 20:47,84,"[721, 730]"
,,
2023/5/1 20:47,84,[729]
,,
2023/5/1 20:47,85,"[684, 725]"
,,
2023/5/1 20:47,85,[730]
,,
2023/5/1 20:47,85,"[724, 696]"
,,
2023/5/1 20:47,85,[701]
,,
2023/5/1 20:47,86,"[657, 691]"
,,
2023/5/1 20:47,87,[702]
,,
2023/5/1 20:47,87,"[663, 676]"
,,
2023/5/1 20:47,88,[704]
,,
2023/5/1 20:47,88,"[700, 685]"
,,
2023/5/1 20:47,88,[673]
,,
2023/5/1 20:47,89,"[640, 618]"
,,
2023/5/1 20:47,90,[633]
,,
2023/5/1 20:47,92,"[644, 656]"
,,
2023/5/1 20:47,93,[658]
,,
2023/5/1 20:47,93,[692]
,,
2023/5/1 20:47,91,"[792, 785]"
,,
2023/5/1 20:47,89,[804]
,,
2023/5/1 20:47,86,"[800, 775]"
,,
2023/5/1 20:47,85,[755]
,,
2023/5/1 20:48,84,[741]
,,
2023/5/1 20:48,84,"[728, 714]"
,,
2023/5/1 20:48,84,[760]
,,
2023/5/1 20:48,84,[776]
,,
2023/5/1 20:48,83,"[759, 760]"
,,
2023/5/1 20:48,83,[794]
,,
2023/5/1 20:48,82,[786]
,,
2023/5/1 20:48,82,"[764, 737]"
,,
2023/5/1 20:48,82,[746]
,,
2023/5/1 20:48,82,[728]
,,
2023/5/1 20:48,82,"[768, 757]"
,,
2023/5/1 20:48,82,[703]
,,
2023/5/1 20:48,82,[728]
,,
2023/5/1 20:48,82,"[796, 789]"
,,
2023/5/1 20:48,82,[789]
,,
2023/5/1 20:48,81,"[775, 731]"
,,
2023/5/1 20:48,81,[745]
,,
2023/5/1 20:48,81,[746]
,,
2023/5/1 20:48,81,[751]
,,
2023/5/1 20:48,81,"[803, 790]"
,,
2023/5/1 20:48,81,[807]
,,
2023/5/1 20:48,80,[774]
,,
2023/5/1 20:48,80,"[781, 782]"
,,
2023/5/1 20:48,80,[822]
,,
2023/5/1 20:48,80,[794]
,,
2023/5/1 20:48,79,"[769, 755]"
,,
2023/5/1 20:48,79,[756]
,,
2023/5/1 20:48,80,[748]
,,
2023/5/1 20:48,80,"[748, 748]"
,,
2023/5/1 20:48,80,[744]
,,
2023/5/1 20:48,80,[751]
,,
2023/5/1 20:48,81,"[741, 756]"
,,
2023/5/1 20:48,81,[777]
,,
2023/5/1 20:48,81,"[782, 730]"
,,
2023/5/1 20:48,81,[753]
,,
2023/5/1 20:48,81,[785]
,,
2023/5/1 20:48,81,"[771, 739]"
,,
2023/5/1 20:48,81,[725]
,,
2023/5/1 20:48,81,"[724, 704]"
,,
2023/5/1 20:48,82,[671]
,,
2023/5/1 20:48,84,"[637, 639]"
,,
2023/5/1 20:48,86,[624]
,,
2023/5/1 20:48,89,"[630, 669]"
,,
2023/5/1 20:48,89,[698]
,,
2023/5/1 20:48,89,[724]
,,
2023/5/1 20:48,88,"[735, 802]"
,,
2023/5/1 20:48,87,[834]
,,
2023/5/1 20:48,86,[797]
,,
2023/5/1 20:48,84,[844]
,,
2023/5/1 20:48,82,"[842, 809]"
,,
2023/5/1 20:48,81,[772]
,,
2023/5/1 20:48,81,"[762, 684]"
,,
2023/5/1 20:48,81,[709]
,,
2023/5/1 20:48,82,[756]
,,
2023/5/1 20:48,82,"[728, 714]"
,,
2023/5/1 20:48,83,[744]
,,
2023/5/1 20:48,83,"[735, 693]"
,,
2023/5/1 20:48,83,[742]
,,
2023/5/1 20:48,83,"[741, 727]"
,,
2023/5/1 20:48,83,[673]
,,
2023/5/1 20:48,85,"[649, 674]"
,,
2023/5/1 20:49,86,[693]
,,
2023/5/1 20:49,87,[734]
,,
2023/5/1 20:49,86,"[745, 726]"
,,
2023/5/1 20:49,86,[705]
,,
2023/5/1 20:49,86,"[708, 693]"
,,
2023/5/1 20:49,86,[702]
,,
2023/5/1 20:49,86,"[708, 722]"
,,
2023/5/1 20:49,86,[731]
,,
2023/5/1 20:49,86,[776]
,,
2023/5/1 20:49,85,"[768, 741]"
,,
2023/5/1 20:49,84,[779]
,,
2023/5/1 20:49,84,[798]
,,
2023/5/1 20:49,83,[786]
,,
2023/5/1 20:49,82,"[782, 785]"
,,
2023/5/1 20:49,82,[759]
,,
2023/5/1 20:49,81,"[754, 772]"
,,
2023/5/1 20:49,81,[762]
,,
2023/5/1 20:49,81,[756]
,,
2023/5/1 20:49,81,"[767, 762]"
,,
2023/5/1 20:49,81,[751]
,,
2023/5/1 20:49,81,"[731, 694]"
,,
2023/5/1 20:49,82,[693]
,,
2023/5/1 20:49,83,[691]
,,
2023/5/1 20:49,84,"[692, 692]"
,,
2023/5/1 20:49,84,[719]
,,
2023/5/1 20:49,85,"[726, 721]"
,,
2023/5/1 20:49,85,[686]
,,
2023/5/1 20:49,86,"[670, 697]"
,,
2023/5/1 20:49,86,[705]
,,
2023/5/1 20:49,87,"[717, 728]"
,,
2023/5/1 20:49,86,[719]
,,
2023/5/1 20:49,86,"[689, 685]"
,,
2023/5/1 20:49,87,[692]
,,
2023/5/1 20:49,87,"[682, 690]"
,,
2023/5/1 20:49,88,[716]
,,
2023/5/1 20:49,88,[717]
,,
2023/5/1 20:49,88,"[673, 735]"
,,
2023/5/1 20:49,88,[764]
,,
2023/5/1 20:49,87,[779]
,,
2023/5/1 20:49,85,"[797, 766]"
,,
2023/5/1 20:49,84,[796]
,,
2023/5/1 20:49,83,[786]
,,
2023/5/1 20:49,83,[808]
,,
2023/5/1 20:49,82,"[756, 778]"
,,
2023/5/1 20:49,82,[797]
,,
2023/5/1 20:49,81,[764]
,,
2023/5/1 20:49,81,"[759, 776]"
,,
2023/5/1 20:49,81,[794]
,,
2023/5/1 20:49,80,"[779, 727]"
,,
2023/5/1 20:49,80,[734]
,,
2023/5/1 20:49,81,"[719, 720]"
,,
2023/5/1 20:49,82,[719]
,,
2023/5/1 20:49,82,[691]
,,
2023/5/1 20:49,83,"[707, 722]"
,,
2023/5/1 20:49,84,[723]
,,
2023/5/1 20:49,84,"[711, 730]"
,,
2023/5/1 20:49,84,[722]
,,
2023/5/1 20:49,84,"[692, 676]"
,,
2023/5/1 20:49,85,[653]
,,
2023/5/1 20:49,86,[697]
,,
2023/5/1 20:50,87,"[710, 772]"
,,
2023/5/1 20:50,86,[763]
,,
2023/5/1 20:50,85,"[728, 729]"
,,
2023/5/1 20:50,85,[724]
,,
2023/5/1 20:50,85,[717]
,,
2023/5/1 20:50,85,"[730, 728]"
,,
2023/5/1 20:50,85,[729]
,,
2023/5/1 20:50,85,"[692, 718]"
,,
2023/5/1 20:50,85,[710]
,,
2023/5/1 20:50,86,"[660, 661]"
,,
2023/5/1 20:50,88,"[669, 687]"
,,
2023/5/1 20:50,88,[670]
,,
2023/5/1 20:50,89,"[667, 655]"
,,
2023/5/1 20:50,89,[657]
,,
2023/5/1 20:50,91,"[661, 679]"
,,
2023/5/1 20:50,91,[676]
,,
2023/5/1 20:50,91,"[677, 676]"
,,
2023/5/1 20:50,91,[684]
,,
2023/5/1 20:50,90,"[690, 708]"
,,
2023/5/1 20:50,90,[688]
,,
2023/5/1 20:50,90,"[689, 676]"
,,
2023/5/1 20:50,90,[668]
,,
2023/5/1 20:50,90,"[682, 644]"
,,
2023/5/1 20:50,92,"[619, 606]"
,,
2023/5/1 20:50,93,[588]
,,
2023/5/1 20:50,96,"[583, 606]"
,,
2023/5/1 20:50,98,[635]
,,
2023/5/1 20:50,97,"[650, 658]"
,,
2023/5/1 20:50,97,[698]
,,
2023/5/1 20:50,94,"[722, 709]"
,,
2023/5/1 20:50,93,[737]
,,
2023/5/1 20:50,91,[746]
,,
2023/5/1 20:50,89,"[702, 765]"
,,
2023/5/1 20:50,88,[794]
,,
2023/5/1 20:50,87,[744]
,,
2023/5/1 20:50,85,"[775, 747]"
,,
2023/5/1 20:50,85,[745]
,,
2023/5/1 20:50,84,"[722, 710]"
,,
2023/5/1 20:50,85,[681]
,,
2023/5/1 20:50,86,"[659, 644]"
,,
2023/5/1 20:50,87,[630]
,,
2023/5/1 20:50,89,"[668, 718]"
,,
2023/5/1 20:50,89,[763]
,,
2023/5/1 20:50,88,[813]
,,
2023/5/1 20:50,87,[803]
,,
2023/5/1 20:50,84,"[786, 794]"
,,
2023/5/1 20:50,84,[794]
,,
2023/5/1 20:50,83,[769]
,,
2023/5/1 20:50,82,"[786, 768]"
,,
2023/5/1 20:50,82,"[729, 669]"
,,
2023/5/1 20:50,82,[659]
,,
2023/5/1 20:50,85,"[674, 686]"
,,
2023/5/1 20:50,85,[672]
,,
2023/5/1 20:50,87,"[679, 702]"
,,
2023/5/1 20:50,87,[689]
,,
2023/5/1 20:50,88,"[657, 661]"
,,
2023/5/1 20:50,88,[711]
,,
2023/5/1 20:50,89,[735]
,,
2023/5/1 20:50,87,"[733, 727]"
,,
2023/5/1 20:51,87,[717]
,,
2023/5/1 20:51,87,"[688, 712]"
,,
2023/5/1 20:51,87,[731]
,,
2023/5/1 20:51,87,[724]
,,
2023/5/1 20:51,86,"[767, 777]"
,,
2023/5/1 20:51,85,[791]
,,
2023/5/1 20:51,84,[785]
,,
2023/5/1 20:51,83,"[715, 719]"
,,
2023/5/1 20:51,84,"[659, 629]"
,,
2023/5/1 20:51,86,[625]
,,
2023/5/1 20:51,89,"[624, 605]"
,,
2023/5/1 20:51,92,"[601, 590]"
,,
2023/5/1 20:51,95,"[602, 586]"
,,
2023/5/1 20:51,97,[598]
,,
2023/5/1 20:51,99,"[601, 594]"
,,
2023/5/1 20:51,100,"[601, 579]"
,,
2023/5/1 20:51,102,"[574, 573]"
,,
2023/5/1 20:51,103,[569]
,,
2023/5/1 20:51,105,"[572, 615]"
,,
2023/5/1 20:51,105,[672]
,,
2023/5/1 20:51,100,"[693, 693]"
,,
2023/5/1 20:51,98,[658]
,,
2023/5/1 20:51,96,"[663, 679]"
,,
2023/5/1 20:51,95,[738]
,,
2023/5/1 20:51,92,"[710, 640]"
,,
2023/5/1 20:51,93,"[635, 617]"
,,
2023/5/1 20:51,94,[614]
,,
2023/5/1 20:51,96,"[606, 596]"
,,
2023/5/1 20:51,98,"[598, 632]"
,,
2023/5/1 20:51,98,[628]
,,
2023/5/1 20:51,98,[676]
,,
2023/5/1 20:51,96,"[723, 768]"
,,
2023/5/1 20:51,93,[761]
,,
2023/5/1 20:51,91,[805]
,,
2023/5/1 20:51,88,"[744, 764]"
,,
2023/5/1 20:51,87,[699]
,,
2023/5/1 20:51,87,"[674, 684]"
,,
2023/5/1 20:51,87,[682]
,,
2023/5/1 20:51,88,"[651, 657]"
,,
2023/5/1 20:51,89,[646]
,,
2023/5/1 20:51,90,"[664, 690]"
,,
2023/5/1 20:51,91,[700]
,,
2023/5/1 20:51,90,"[697, 686]"
,,
2023/5/1 20:51,90,[676]
,,
2023/5/1 20:51,90,"[682, 680]"
,,
2023/5/1 20:51,90,[716]
,,
2023/5/1 20:51,90,[734]
,,
2023/5/1 20:51,88,"[770, 758]"
,,
2023/5/1 20:51,87,[772]
,,
2023/5/1 20:51,85,"[758, 728]"
,,
2023/5/1 20:51,85,[734]
,,
2023/5/1 20:51,85,[732]
,,
2023/5/1 20:51,85,"[727, 711]"
,,
2023/5/1 20:51,85,[724]
,,
2023/5/1 20:51,85,"[736, 722]"
,,
2023/5/1 20:51,85,[720]
,,
2023/5/1 20:51,85,"[704, 698]"
,,
2023/5/1 20:51,85,[709]
,,
2023/5/1 20:51,86,"[712, 715]"
,,
2023/5/1 20:51,86,[700]
,,
2023/5/1 20:52,86,"[715, 671]"
,,
2023/5/1 20:52,86,[669]
,,
2023/5/1 20:52,88,"[646, 633]"
,,
2023/5/1 20:52,90,"[616, 606]"
,,
2023/5/1 20:52,92,[598]
,,
2023/5/1 20:52,95,"[589, 600]"
,,
2023/5/1 20:52,97,[634]
,,
2023/5/1 20:52,97,"[679, 720]"
,,
2023/5/1 20:52,95,[706]
,,
2023/5/1 20:52,93,[798]
,,
2023/5/1 20:52,90,"[714, 746]"
,,
2023/5/1 20:52,89,"[656, 654]"
,,
2023/5/1 20:52,90,[677]
,,
2023/5/1 20:52,90,[687]
,,
2023/5/1 20:52,90,"[726, 764]"
,,
2023/5/1 20:52,89,[737]
,,
2023/5/1 20:52,87,"[724, 723]"
,,
2023/5/1 20:52,87,[730]
,,
2023/5/1 20:52,87,"[681, 659]"
,,
2023/5/1 20:52,87,[662]
,,
2023/5/1 20:52,89,"[660, 658]"
,,
2023/5/1 20:52,89,[667]
,,
2023/5/1 20:52,90,"[678, 707]"
,,
2023/5/1 20:52,90,[693]
,,
2023/5/1 20:52,89,"[696, 655]"
,,
2023/5/1 20:52,90,[629]
,,
2023/5/1 20:52,92,"[633, 652]"
,,
2023/5/1 20:52,92,"[667, 670]"
,,
2023/5/1 20:52,92,[662]
,,
2023/5/1 20:52,93,"[648, 640]"
,,
2023/5/1 20:52,94,"[631, 618]"
,,
2023/5/1 20:52,94,[607]
,,
2023/5/1 20:52,97,"[588, 581]"
,,
2023/5/1 20:52,98,[593]
,,
2023/5/1 20:52,100,"[626, 656]"
,,
2023/5/1 20:52,99,[660]
,,
2023/5/1 20:52,96,"[705, 724]"
,,
2023/5/1 20:52,95,[711]
,,
2023/5/1 20:52,93,[719]
,,
2023/5/1 20:52,91,"[748, 777]"
,,
2023/5/1 20:52,89,[762]
,,
2023/5/1 20:52,88,[796]
,,
2023/5/1 20:52,85,"[809, 803]"
,,
2023/5/1 20:52,84,[762]
,,
2023/5/1 20:52,83,"[758, 736]"
,,
2023/5/1 20:52,83,[715]
,,
2023/5/1 20:52,84,"[661, 697]"
,,
2023/5/1 20:52,85,[708]
,,
2023/5/1 20:52,85,"[703, 675]"
,,
2023/5/1 20:52,86,[676]
,,
2023/5/1 20:52,86,[695]
,,
2023/5/1 20:52,87,"[694, 676]"
,,
2023/5/1 20:52,87,[732]
,,
2023/5/1 20:52,87,[778]
,,
2023/5/1 20:52,86,"[736, 794]"
,,
2023/5/1 20:52,85,[821]
,,
2023/5/1 20:52,83,"[768, 728]"
,,
2023/5/1 20:52,83,[692]
,,
2023/5/1 20:52,84,"[682, 690]"
,,
2023/5/1 20:52,85,[664]
,,
2023/5/1 20:52,86,[678]
,,
2023/5/1 20:53,87,"[710, 727]"
,,
2023/5/1 20:53,87,[723]
,,
2023/5/1 20:53,86,"[763, 769]"
,,
2023/5/1 20:53,85,[774]
,,
2023/5/1 20:53,84,[758]
,,
2023/5/1 20:53,84,"[756, 715]"
,,
2023/5/1 20:53,84,[698]
,,
2023/5/1 20:53,84,"[704, 704]"
,,
2023/5/1 20:53,85,[707]
,,
2023/5/1 20:53,86,"[672, 695]"
,,
2023/5/1 20:53,86,[716]
,,
2023/5/1 20:53,86,[707]
,,
2023/5/1 20:53,86,"[730, 757]"
,,
2023/5/1 20:53,86,[758]
,,
2023/5/1 20:53,85,[735]
,,
2023/5/1 20:53,84,"[760, 784]"
,,
2023/5/1 20:53,84,[717]
,,
2023/5/1 20:53,84,"[703, 758]"
,,
2023/5/1 20:53,84,[787]
,,
2023/5/1 20:53,83,[765]
,,
2023/5/1 20:53,83,"[784, 777]"
,,
2023/5/1 20:53,82,[728]
,,
2023/5/1 20:53,83,"[701, 638]"
,,
2023/5/1 20:53,84,[651]
,,
2023/5/1 20:53,86,"[663, 669]"
,,
2023/5/1 20:53,87,[708]
,,
2023/5/1 20:53,88,"[665, 720]"
,,
2023/5/1 20:53,88,[673]
,,
2023/5/1 20:53,88,"[686, 712]"
,,
2023/5/1 20:53,88,[696]
,,
2023/5/1 20:53,88,"[688, 662]"
,,
2023/5/1 20:53,89,"[639, 630]"
,,
2023/5/1 20:53,90,[626]
,,
2023/5/1 20:53,93,"[622, 611]"
,,
2023/5/1 20:53,94,[623]
,,
2023/5/1 20:53,95,"[646, 648]"
,,
2023/5/1 20:53,95,[641]
,,
2023/5/1 20:53,95,"[672, 703]"
,,
2023/5/1 20:53,94,[738]
,,
2023/5/1 20:53,92,"[687, 661]"
,,
2023/5/1 20:53,91,[695]
,,
2023/5/1 20:53,90,"[741, 748]"
,,
2023/5/1 20:53,89,[708]
,,
2023/5/1 20:53,89,[730]
,,
2023/5/1 20:53,87,"[751, 744]"
,,
2023/5/1 20:53,87,[749]
,,
2023/5/1 20:53,86,[750]
,,
2023/5/1 20:53,85,"[741, 710]"
,,
2023/5/1 20:53,85,[728]
,,
2023/5/1 20:53,85,[754]
,,
2023/5/1 20:53,84,"[768, 773]"
,,
2023/5/1 20:53,84,[769]
,,
2023/5/1 20:53,83,[751]
,,
2023/5/1 20:53,83,"[769, 784]"
,,
2023/5/1 20:53,82,[757]
,,
2023/5/1 20:53,82,"[770, 747]"
,,
2023/5/1 20:53,82,[727]
,,
2023/5/1 20:53,82,"[721, 742]"
,,
2023/5/1 20:53,82,[724]
,,
2023/5/1 20:54,83,[700]
,,
2023/5/1 20:54,83,"[722, 731]"
,,
2023/5/1 20:54,84,[736]
,,
2023/5/1 20:54,84,[739]
,,
2023/5/1 20:54,83,"[766, 752]"
,,
2023/5/1 20:54,83,[746]
,,
2023/5/1 20:54,83,"[712, 669]"
,,
2023/5/1 20:54,85,"[650, 633]"
,,
2023/5/1 20:54,86,[629]
,,
2023/5/1 20:54,88,[642]
,,
2023/5/1 20:54,89,"[688, 752]"
,,
2023/5/1 20:54,89,[699]
,,
2023/5/1 20:54,88,"[708, 703]"
,,
2023/5/1 20:54,88,[698]
,,
2023/5/1 20:54,88,"[685, 655]"
,,
2023/5/1 20:54,89,"[677, 660]"
,,
2023/5/1 20:54,90,[634]
,,
2023/5/1 20:54,91,"[629, 645]"
,,
2023/5/1 20:54,92,[663]
,,
2023/5/1 20:54,93,"[642, 651]"
,,
2023/5/1 20:54,93,[657]
,,
2023/5/1 20:54,93,"[656, 663]"
,,
2023/5/1 20:54,93,"[662, 634]"
,,
2023/5/1 20:54,93,[649]
,,
2023/5/1 20:54,94,"[663, 660]"
,,
2023/5/1 20:54,94,[650]
,,
2023/5/1 20:54,93,"[691, 714]"
,,
2023/5/1 20:54,92,[710]
,,
2023/5/1 20:54,91,[701]
,,
2023/5/1 20:54,90,"[745, 719]"
,,
2023/5/1 20:54,89,[684]
,,
2023/5/1 20:54,89,"[692, 698]"
,,
2023/5/1 20:54,89,[714]
,,
2023/5/1 20:54,88,"[719, 722]"
,,
2023/5/1 20:54,88,[690]
,,
2023/5/1 20:54,88,[731]
,,
2023/5/1 20:54,87,"[729, 715]"
,,
2023/5/1 20:54,87,[689]
,,
2023/5/1 20:54,87,"[703, 727]"
,,
2023/5/1 20:54,87,[709]
,,
2023/5/1 20:54,87,"[690, 697]"
,,
2023/5/1 20:54,87,[727]
,,
2023/5/1 20:54,87,"[712, 693]"
,,
2023/5/1 20:54,87,[719]
,,
2023/5/1 20:54,87,[741]
,,
2023/5/1 20:54,86,"[731, 739]"
,,
2023/5/1 20:54,86,[759]
,,
2023/5/1 20:54,85,[771]
,,
2023/5/1 20:54,84,"[754, 746]"
,,
2023/5/1 20:54,84,[745]
,,
2023/5/1 20:54,84,"[738, 716]"
,,
2023/5/1 20:54,84,[744]
,,
2023/5/1 20:54,84,[744]
,,
2023/5/1 20:54,84,"[736, 738]"
,,
2023/5/1 20:54,84,[706]
,,
2023/5/1 20:54,84,"[733, 720]"
,,
2023/5/1 20:54,84,[713]
,,
2023/5/1 20:54,84,[723]
,,
2023/5/1 20:54,84,"[745, 750]"
,,
2023/5/1 20:54,84,[719]
,,
2023/5/1 20:54,84,"[699, 713]"
,,
2023/5/1 20:55,85,[727]
,,
2023/5/1 20:55,85,"[722, 738]"
,,
2023/5/1 20:55,85,[737]
,,
2023/5/1 20:55,85,[706]
,,
2023/5/1 20:55,85,"[717, 741]"
,,
2023/5/1 20:55,85,[726]
,,
2023/5/1 20:55,85,"[708, 727]"
,,
2023/5/1 20:55,85,[729]
,,
2023/5/1 20:55,85,[693]
,,
2023/5/1 20:55,85,"[725, 734]"
,,
2023/5/1 20:55,85,[708]
,,
2023/5/1 20:55,86,"[680, 693]"
,,
2023/5/1 20:55,86,[717]
,,
2023/5/1 20:55,86,"[715, 689]"
,,
2023/5/1 20:55,86,[728]
,,
2023/5/1 20:55,86,"[701, 715]"
,,
2023/5/1 20:55,86,[715]
,,
2023/5/1 20:55,86,"[715, 694]"
,,
2023/5/1 20:55,86,[700]
,,
2023/5/1 20:55,87,[718]
,,
2023/5/1 20:55,87,"[693, 692]"
,,
2023/5/1 20:55,87,[712]
,,
2023/5/1 20:55,87,"[725, 703]"
,,
2023/5/1 20:55,87,[706]
,,
2023/5/1 20:55,87,[750]
,,
2023/5/1 20:55,86,"[733, 749]"
,,
2023/5/1 20:55,86,[760]
,,
2023/5/1 20:55,85,[727]
,,
2023/5/1 20:55,85,"[760, 770]"
,,
2023/5/1 20:55,84,[751]
,,
2023/5/1 20:55,83,"[795, 785]"
,,
2023/5/1 20:55,83,[728]
,,
2023/5/1 20:55,82,[702]
,,
2023/5/1 20:55,83,"[804, 783]"
,,
2023/5/1 20:55,82,[753]
,,
2023/5/1 20:55,82,"[749, 756]"
,,
2023/5/1 20:55,82,[684]
,,
2023/5/1 20:55,82,[652]
,,
2023/5/1 20:55,84,"[668, 709]"
,,
2023/5/1 20:55,85,[745]
,,
2023/5/1 20:55,85,[751]
,,
2023/5/1 20:55,84,"[779, 799]"
,,
2023/5/1 20:55,83,[807]
,,
2023/5/1 20:55,83,[824]
,,
2023/5/1 20:55,82,[821]
,,
2023/5/1 20:55,80,"[823, 835]"
,,
2023/5/1 20:55,80,[811]
,,
2023/5/1 20:55,79,[763]
,,
2023/5/1 20:55,79,"[790, 797]"
,,
2023/5/1 20:55,79,[803]
,,
2023/5/1 20:55,79,[787]
,,
2023/5/1 20:55,79,[823]
,,
2023/5/1 20:55,78,"[815, 818]"
,,
2023/5/1 20:55,78,[788]
,,
2023/5/1 20:55,78,[769]
,,
2023/5/1 20:55,78,"[794, 771]"
,,
2023/5/1 20:55,78,[745]
,,
2023/5/1 20:55,78,[768]
,,
2023/5/1 20:55,79,"[748, 741]"
,,
2023/5/1 20:56,79,[711]
,,
2023/5/1 20:56,80,"[703, 692]"
,,
2023/5/1 20:56,81,[702]
,,
2023/5/1 20:56,83,"[704, 726]"
,,
2023/5/1 20:56,83,[756]
,,
2023/5/1 20:56,83,[718]
,,
2023/5/1 20:56,83,"[726, 758]"
,,
2023/5/1 20:56,83,[737]
,,
2023/5/1 20:56,83,[732]
,,
2023/5/1 20:56,83,"[759, 785]"
,,
2023/5/1 20:56,83,[798]
,,
2023/5/1 20:56,82,[765]
,,
2023/5/1 20:56,82,"[748, 764]"
,,
2023/5/1 20:56,82,[738]
,,
2023/5/1 20:56,82,"[716, 704]"
,,
2023/5/1 20:56,82,[704]
,,
2023/5/1 20:56,84,"[697, 717]"
,,
2023/5/1 20:56,84,[698]
,,
2023/5/1 20:56,85,"[663, 674]"
,,
2023/5/1 20:56,86,[666]
,,
2023/5/1 20:56,87,"[653, 643]"
,,
2023/5/1 20:56,90,"[635, 622]"
,,
2023/5/1 20:56,91,[628]
,,
2023/5/1 20:56,92,[647]
,,
2023/5/1 20:56,93,"[677, 712]"
,,
2023/5/1 20:56,92,[784]
,,
2023/5/1 20:56,90,[819]
,,
2023/5/1 20:56,88,[823]
,,
2023/5/1 20:56,85,"[817, 833]"
,,
2023/5/1 20:56,84,[840]
,,
2023/5/1 20:56,82,[860]
,,
2023/5/1 20:56,81,[812]
,,
2023/5/1 20:56,80,"[823, 802]"
,,
2023/5/1 20:56,79,[778]
,,
2023/5/1 20:56,80,"[719, 679]"
,,
2023/5/1 20:56,80,[750]
,,
2023/5/1 20:56,81,[734]
,,
2023/5/1 20:56,81,"[737, 751]"
,,
2023/5/1 20:56,82,[794]
,,
2023/5/1 20:56,81,[834]
,,
2023/5/1 20:56,80,"[804, 768]"
,,
2023/5/1 20:56,80,[722]
,,
2023/5/1 20:56,81,"[700, 706]"
,,
2023/5/1 20:56,82,[671]
,,
2023/5/1 20:56,84,"[651, 673]"
,,
2023/5/1 20:56,85,"[669, 639]"
,,
2023/5/1 20:56,87,[640]
,,
2023/5/1 20:56,89,"[644, 663]"
,,
2023/5/1 20:56,90,[658]
,,
2023/5/1 20:56,91,"[646, 661]"
,,
2023/5/1 20:56,91,[655]
,,
2023/5/1 20:56,92,"[655, 662]"
,,
2023/5/1 20:56,92,[673]
,,
2023/5/1 20:56,92,"[661, 658]"
,,
2023/5/1 20:56,93,"[631, 630]"
,,
2023/5/1 20:56,94,[638]
,,
2023/5/1 20:56,94,"[651, 661]"
,,
2023/5/1 20:56,94,[658]
,,
2023/5/1 20:56,94,"[637, 643]"
,,
2023/5/1 20:56,95,"[657, 657]"
,,
2023/5/1 20:57,94,[617]
,,
2023/5/1 20:57,96,"[604, 635]"
,,
2023/5/1 20:57,96,[651]
,,
2023/5/1 20:57,96,"[671, 636]"
,,
2023/5/1 20:57,95,[653]
,,
2023/5/1 20:57,95,"[674, 667]"
,,
2023/5/1 20:57,94,[675]
,,
2023/5/1 20:57,93,"[699, 704]"
,,
2023/5/1 20:57,92,[683]
,,
2023/5/1 20:57,91,"[669, 686]"
,,
2023/5/1 20:57,91,"[681, 663]"
,,
2023/5/1 20:57,91,[636]
,,
2023/5/1 20:57,92,"[645, 630]"
,,
2023/5/1 20:57,94,"[630, 611]"
,,
2023/5/1 20:57,95,[599]
,,
2023/5/1 20:57,97,"[604, 624]"
,,
2023/5/1 20:57,98,[650]
,,
2023/5/1 20:57,97,"[640, 639]"
,,
2023/5/1 20:57,97,[673]
,,
2023/5/1 20:57,95,"[681, 657]"
,,
2023/5/1 20:57,95,[670]
,,
2023/5/1 20:57,93,"[730, 740]"
,,
2023/5/1 20:57,92,[742]
,,
2023/5/1 20:57,89,"[717, 687]"
,,
2023/5/1 20:57,89,[684]
,,
2023/5/1 20:57,90,"[660, 655]"
,,
2023/5/1 20:57,90,[682]
,,
2023/5/1 20:57,90,"[684, 684]"
,,
2023/5/1 20:57,90,[695]
,,
2023/5/1 20:57,90,"[693, 732]"
,,
2023/5/1 20:57,89,[674]
,,
2023/5/1 20:57,90,"[652, 653]"
,,
2023/5/1 20:57,90,[682]
,,
2023/5/1 20:57,90,"[687, 734]"
,,
2023/5/1 20:57,90,[672]
,,
2023/5/1 20:57,90,"[669, 697]"
,,
2023/5/1 20:57,90,[699]
,,
2023/5/1 20:57,89,"[685, 680]"
,,
2023/5/1 20:57,90,[668]
,,
2023/5/1 20:57,90,"[686, 687]"
,,
2023/5/1 20:57,90,[655]
,,
2023/5/1 20:57,91,"[648, 682]"
,,
2023/5/1 20:57,91,[685]
,,
2023/5/1 20:57,91,"[688, 681]"
,,
2023/5/1 20:57,90,[675]
,,
2023/5/1 20:57,90,"[701, 721]"
,,
2023/5/1 20:57,90,[708]
,,
2023/5/1 20:57,89,[703]
,,
2023/5/1 20:57,89,"[716, 719]"
,,
2023/5/1 20:57,88,[702]
,,
2023/5/1 20:57,88,"[726, 694]"
,,
2023/5/1 20:57,88,[692]
,,
2023/5/1 20:57,88,"[687, 663]"
,,
2023/5/1 20:57,89,"[635, 625]"
,,
2023/5/1 20:57,90,[602]
,,
2023/5/1 20:57,93,"[625, 656]"
,,
2023/5/1 20:57,94,[663]
,,
2023/5/1 20:57,93,"[659, 678]"
,,
2023/5/1 20:57,93,[671]
,,
2023/5/1 20:57,93,"[649, 695]"
,,
2023/5/1 20:57,93,[674]
,,
2023/5/1 20:58,92,"[646, 646]"
,,
2023/5/1 20:58,93,"[635, 648]"
,,
2023/5/1 20:58,94,[650]
,,
2023/5/1 20:58,94,"[643, 683]"
,,
2023/5/1 20:58,94,[674]
,,
2023/5/1 20:58,93,[660]
,,
2023/5/1 20:58,93,"[682, 775]"
,,
2023/5/1 20:58,92,[776]
,,
2023/5/1 20:58,90,[790]
,,
2023/5/1 20:58,87,"[754, 769]"
,,
2023/5/1 20:58,86,[727]
,,
2023/5/1 20:58,86,"[692, 699]"
,,
2023/5/1 20:58,86,[679]
,,
2023/5/1 20:58,87,"[673, 702]"
,,
2023/5/1 20:58,87,[740]
,,
2023/5/1 20:58,87,"[713, 747]"
,,
2023/5/1 20:58,86,[705]
,,
2023/5/1 20:58,86,"[686, 690]"
,,
2023/5/1 20:58,87,[640]
,,
2023/5/1 20:58,89,"[627, 640]"
,,
2023/5/1 20:58,90,[675]
,,
2023/5/1 20:58,90,"[693, 673]"
,,
2023/5/1 20:58,90,[688]
,,
2023/5/1 20:58,90,"[680, 659]"
,,
2023/5/1 20:58,91,"[645, 671]"
,,
2023/5/1 20:58,91,[653]
,,
2023/5/1 20:58,92,"[648, 682]"
,,
2023/5/1 20:58,92,[708]
,,
2023/5/1 20:58,91,"[687, 680]"
,,
2023/5/1 20:58,91,[669]
,,
2023/5/1 20:58,91,[700]
,,
2023/5/1 20:58,91,"[676, 694]"
,,
2023/5/1 20:58,90,[700]
,,
2023/5/1 20:58,90,"[711, 667]"
,,
2023/5/1 20:58,90,"[671, 669]"
,,
2023/5/1 20:58,90,[680]
,,
2023/5/1 20:58,90,"[709, 711]"
,,
2023/5/1 20:58,90,[681]
,,
2023/5/1 20:58,90,"[638, 636]"
,,
2023/5/1 20:58,91,[634]
,,
2023/5/1 20:58,92,"[649, 620]"
,,
2023/5/1 20:58,93,[632]
,,
2023/5/1 20:58,94,"[646, 667]"
,,
2023/5/1 20:58,94,"[676, 665]"
,,
2023/5/1 20:58,93,[654]
,,
2023/5/1 20:58,93,"[658, 653]"
,,
2023/5/1 20:58,93,[681]
,,
2023/5/1 20:58,93,"[684, 701]"
,,
2023/5/1 20:58,91,"[813, 453, 333]"
,,
2023/5/1 20:58,90,"[555, 612]"
,,

